raceID,raceName,raceDate
1098,Bahrain Grand Prix,3/5/2023
1099,Saudi Arabian Grand Prix,3/19/2023
1100,Australian Grand Prix,4/2/2023
1101,Azerbaijan Grand Prix,4/30/2023
1102,Miami Grand Prix,5/7/2023
1104,Monaco Grand Prix,5/28/2023
1105,Spanish Grand Prix,6/4/2023
1106,Canadian Grand Prix,6/18/2023
1107,Austrian Grand Prix,7/2/2023
1108,British Grand Prix,7/9/2023
1109,Hungarian Grand Prix,7/23/2023
1110,Belgian Grand Prix,7/30/2023
1111,Dutch Grand Prix,8/27/2023
1112,Italian Grand Prix,9/3/2023
1113,Singapore Grand Prix,9/17/2023
1114,Japanese Grand Prix,9/24/2023
1115,Qatar Grand Prix,10/8/2023
1116,United States Grand Prix,10/22/2023
1117,Mexico City Grand Prix,10/29/2023
1118,S?œo Paulo Grand Prix,11/5/2023
1119,Las Vegas Grand Prix,11/19/2023
1120,Abu Dhabi Grand Prix,11/26/2023
1121,Bahrain Grand Prix,3/2/2024
1122,Saudi Arabian Grand Prix,3/9/2024
1123,Australian Grand Prix,3/24/2024
1124,Japanese Grand Prix,4/7/2024
1125,Chinese Grand Prix,4/21/2024
1126,Miami Grand Prix,5/5/2024
1127,Emilia Romagna Grand Prix,5/19/2024
1128,Monaco Grand Prix,5/26/2024
1129,Canadian Grand Prix,6/9/2024
1130,Spanish Grand Prix,6/23/2024
1131,Austrian Grand Prix,6/30/2024
1132,British Grand Prix,7/7/2024
1133,Hungarian Grand Prix,7/21/2024
1134,Belgian Grand Prix,7/28/2024
1135,Dutch Grand Prix,8/25/2024
1136,Italian Grand Prix,9/1/2024
1137,Azerbaijan Grand Prix,9/15/2024
1138,Singapore Grand Prix,9/22/2024
1139,United States Grand Prix,10/20/2024
1140,Mexico City Grand Prix,10/27/2024
1141,S?œo Paulo Grand Prix,11/3/2024
1142,Las Vegas Grand Prix,11/23/2024
1143,Qatar Grand Prix,12/1/2024
1144,Abu Dhabi Grand Prix,12/8/2024
